BPS_NAME,GROUPNAME,GROUPVEG,wet,vegcover,woodycover,treecover,ht,evergreen,needleevergreen,colddeciduous,NE,BE,DD,CD,NE0,BE0,DD0,CD0
Acadian Low-Elevation Spruce-Fir-Hardwood Forest,Red Spruce-Balsam Fir-Yellow Birch-5,Hardwood-Conifer,0,100,95,95,20,0.5,1,1,1,0,0,1,0.5,0,0,0.5
Acadian-Appalachian Alpine Tundra,Spruce-Bog Blueberry-Crowberry-5,Shrubland,0,99,25,0,1,0.5,1,1,1,0,0,1,0.5,0,0,0.5
Acadian-Appalachian Montane Spruce-Fir Forest,Red Spruce-Balsam Fir-American Mountain Ash-5,Hardwood-Conifer,0,100,95,95,20,1,1,,1,0,0,0,1,0,0,0
Acadian-Appalachian Subalpine Woodland and Heath-Krummholz,Spruce-Bog Blueberry-Crowberry-5,Shrubland,0,99,60,10,1,1,1,,1,0,0,0,1,0,0,0
Alabama Ketona Glade and Woodland,Little Bluestem-Rosinweed-Chinquapin Oak-1,Hardwood,0,95,25,10,20,0,,1,0,0,0,1,0,0,0,1
Allegheny-Cumberland Dry Oak Forest and Woodland,White Oak-Scarlet Oak-Chestnut-1,Hardwood,0,100,85,85,25,0,,1,0,0,0,1,0,0,0,1
Allegheny-Cumberland Dry Oak Forest and Woodland,White Oak-Southern Red Oak-Chestnut-1,Hardwood,0,100,85,85,25,0,,1,0,0,0,1,0,0,0,1
Apacherian-Chihuahuan Mesquite Upland Scrub,Mesquite-2,Shrubland,0,25,25,0,3,,,,,,,,,,,
Apacherian-Chihuahuan Semi-Desert Grassland and Steppe,Grama-Creosote-2,Grassland,0,60,10,0,1,,,,,,,,,,,
Appalachian (Hemlock-)Northern Hardwood Forest,Beech-Hemlock-Sugar Maple-5,Hardwood,0,100,95,95,30,0.3,1,1,0.428571429,0,0,1,0.3,0,0,0.7
Appalachian Shale Barrens,Chestnut Oak-Virginia Pine-Rockcress-5,Hardwood,0,99,25,10,20,0.5,1,1,1,0,0,1,0.5,0,0,0.5
Arkansas Valley Prairie and Woodland - Prairie,Little Bluestem-Indiangrass-Switchgrass-2,Grassland,0,99,0,0,,,,,,,,,,,,
Arkansas Valley Prairie and Woodland - Woodland,Little Bluestem-Indiangrass-1,Grassland,0,99,60,60,,,,,,,,,,,,
Atlantic Coastal Plain Clay-Based Carolina Bay Wetland,Pond Cypress-1,Riparian,1,99,95,25,25,0.5,0.5,1,0.5,0.5,0,1,0.25,0.25,0,0.5
Atlantic Coastal Plain Dry and Dry-Mesic Oak Forest,Post Oak-Chinquapin Oak-Shortleaf Pine-1,Hardwood,0,100,95,95,25,0.5,1,1,1,0,0,1,0.5,0,0,0.5
Atlantic Coastal Plain Fall-line Sandhills Longleaf Pine Woodland,Longleaf Pine-Pineland Threeawn-Beyrich Threeawn-1,Conifer,0,99,60,60,25,1,0.9,,1,0.111111111,0,0,0.9,0.1,0,0
Atlantic Coastal Plain Mesic Hardwood Forest,Beech-Cherrybark Oak-Tulip Tree-3,Hardwood,0,100,95,95,30,0,,1,0,0,0,1,0,0,0,1
Atlantic Coastal Plain Mesic Hardwood Forest,Beech-White Oak-Southern Sugar Maple-3,Hardwood,0,100,95,95,30,0,,1,0,0,0,1,0,0,0,1
Atlantic Coastal Plain Peatland Pocosin and Canebrake,Pond Pine-Swamp Titi-Giant Cane-1,Riparian,1,99,95,25,25,1,0.5,,1,1,0,0,0.5,0.5,0,0
Atlantic Coastal Plain Streamhead Seepage Swamp-Pocosin-Baygall,Pond Pine-Swamp Tupelo-1,Riparian,1,99,95,25,25,0.5,1,1,1,0,0,1,0.5,0,0,0.5
Atlantic Coastal Plain Upland Longleaf Pine Woodland,Longleaf Pine-Pineland Threeawn-Beyrich Threeawn-1,Conifer,0,99,60,60,25,1,0.9,,1,0.111111111,0,0,0.9,0.1,0,0
Barren-Rock/Sand/Clay,Barren-Rock/Sand/Clay,Barren-Rock/Sand/Clay,0,0,0,0,,,,,,,,,,,,
Bluegrass Savanna and Woodland,Bur Oak-Chinquapin Oak-Virginia Wildrye-1,Hardwood,0,99,25,25,25,0,,1,0,0,0,1,0,0,0,1
Boreal Acid Peatland Systems,Black Spruce-Tamarack-Sphagnum-3,Riparian,1,99,95,25,15,0.5,1,1,1,0,0,1,0.5,0,0,0.5
Boreal Acidic Peatland Systems,Black Spruce-Tamarack-Sphagnum-3,Riparian,1,99,95,25,15,0.5,1,1,1,0,0,1,0.5,0,0,0.5
Boreal Aspen-Birch Forest,White Spruce-Aspen-Paper Birch-3,Conifer,0,100,95,95,20,0.1,1,1,0.111111111,0,0,1,0.1,0,0,0.9
Boreal Jack Pine-Black Spruce Forest,Black Spruce-Balsam Fir-5,Conifer,0,100,95,95,20,1,1,,1,0,0,0,1,0,0,0
Boreal Jack Pine-Black Spruce Forest,Jack Pine-Black Spruce-4,Conifer,0,100,95,95,20,1,1,,1,0,0,0,1,0,0,0
Boreal White Spruce-Fir-Hardwood Forest - Aspen-Birch,White Spruce-Aspen-Paper Birch-3,Conifer,0,100,95,95,20,0.5,1,1,1,0,0,1,0.5,0,0,0.5
Boreal White Spruce-Fir-Hardwood Forest - Coastal,White Spruce-Balsam Fir-Northern White Cedar-5,Conifer,0,100,95,95,20,0.5,1,1,1,0,0,1,0.5,0,0,0.5
Boreal White Spruce-Fir-Hardwood Forest - Inland,White Spruce-Balsam Fir-Eastern White Pine-5,Conifer,0,100,95,95,20,0.5,1,1,1,0,0,1,0.5,0,0,0.5
California Central Valley and Southern Coastal Grassland,Purple Needlegrass-Threeawn-2,Grassland,0,99,0,0,,,,,,,,,,,,
California Central Valley Mixed Oak Savanna,Valley Oak-California Buckeye-1,Hardwood,0,99,25,25,25,0,,1,0,0,0,1,0,0,0,1
California Central Valley Riparian Woodland and Shrubland,Fremont Cottonwood-Boxelder-California Wild Grape-5,Riparian,1,99,60,30,30,0,,1,0,0,0,1,0,0,0,1
California Coastal Closed-Cone Conifer Forest and Woodland,Monterey Cypress-Shore Pine-4,Conifer,0,100,85,85,25,1,1,,1,0,0,0,1,0,0,0
California Coastal Live Oak Woodland and Savanna,Coast Live Oak-California Walnut-1,Hardwood,0,99,25,25,25,0.5,0,1,0,1,0,1,0,0.5,0,0.5
California Coastal Redwood Forest,Redwood-1,Conifer,0,100,95,95,90,1,0.7,,1,0.428571429,0,0,0.7,0.3,0,0
California Lower Montane Blue Oak-Foothill Pine Woodland and Savanna,Blue Oak-California Foothill Pine-1,Hardwood,0,99,25,25,25,1,0.5,,1,1,0,0,0.5,0.5,0,0
California Maritime Chaparral,Woolyleaf Manzanita-Point Reyes Ceanothus-4,Shrubland,0,99,60,0,5,1,0,,0,1,0,0,0,1,0,0
California Mesic Chaparral,Chamise-Scrub Oak-4,Shrubland,0,99,75,0,5,1,0,,0,1,0,0,0,1,0,0
California Mesic Serpentine Grassland,Serpentine Reedgrass-Sandberg Bluegrass-2,Grassland,0,95,0,0,,,,,,,,,,,,
California Montane Jeffrey Pine(-Ponderosa Pine) Woodland,Jeffrey Pine-1,Conifer,0,99,60,60,,1,1,,1,0,0,0,1,0,0,0
California Montane Riparian Systems,Black Cottonwood-Arroyo Willow-Madrone-3,Riparian,1,99,95,80,30,0.5,0,1,0,1,0,1,0,0.5,0,0.5
California Montane Woodland and Chaparral,Greenleaf Manzanita-Whitethorn Ceanothus-3,Shrubland,0,99,75,25,15,1,0,,0,1,0,0,0,1,0,0
California Northern Coastal Grassland,Tufted Hair Grass-Coastal Sedge-2,Grassland,0,99,0,0,,,,,,,,,,,,
California Xeric Serpentine Chaparral,Chamise-Scrub Oak-4,Shrubland,0,95,60,0,3,1,0,,0,1,0,0,0,1,0,0
Caribbean Coastal Wetland Systems,Mangrove-4,Riparian,1,99,95,60,10,1,0,,0,1,0,0,0,1,0,0
Caribbean Swamp Systems,Red Bay-Sweetbay Magnolia-5,Riparian,1,99,95,25,25,1,0,,0,1,0,0,0,1,0,0
Central and South Texas Coastal Fringe Forest and Woodland,Live Oak-Seacoast Bluestem-3,Hardwood,0,100,85,85,20,1,0,,0,1,0,0,0,1,0,0
Central and Southern Appalachian Montane Oak Forest,Red Oak-Chestnut-Black Birch-1,Hardwood,0,100,95,95,25,0.1,1,1,0.111111111,0,0,1,0.1,0,0,0.9
Central and Southern Appalachian Spruce-Fir Forest,Red Spruce-Fir-Yellow Birch-5,Conifer,0,100,95,95,20,1,1,,1,0,0,0,1,0,0,0
Central and Southern California Mixed Evergreen Woodland,Canyon Live Oak-Coulter Pine-1,Hardwood,0,99,60,60,25,1,0.5,,1,1,0,0,0.5,0.5,0,0
Central and Upper Texas Coast Dune and Coastal Grassland,Shore Little Bluestem-Gulf Cordgrass-2,Grassland,1,99,0,0,,,,,,,,,,,,
Central Appalachian Alkaline Glade and Woodland,Redcedar-Chinquapin Oak-Redbud-2,Savanna,0,95,25,10,20,0.5,1,1,1,0,0,1,0.5,0,0,0.5
Central Appalachian Dry Oak-Pine Forest,Chestnut Oak-Virginia Pine-White Pine-3,Hardwood-Conifer,0,100,85,85,30,0.5,1,1,1,0,0,1,0.5,0,0,0.5
Central Appalachian Pine-Oak Rocky Woodland,Red Pine-Pitch Pine-Black Oak-3,Hardwood-Conifer,0,95,60,60,25,0.5,1,1,1,0,0,1,0.5,0,0,0.5
Central Atlantic Coastal Plain Maritime Forest,Live Oak-Wax Myrtle-3,Hardwood,0,100,95,60,25,1,0,,0,1,0,0,0,1,0,0
Central Atlantic Coastal Plain Nonriverine Swamp and Wet Hardwood Forest,Atlantic White Cedar-4,Riparian,1,100,95,95,25,0.5,1,1,1,0,0,1,0.5,0,0,0.5
Central Atlantic Coastal Plain Wet Longleaf Pine Savanna and Flatwoods,Longleaf Pine-Slash Pine-Saw Palmetto-1,Riparian,1,99,80,60,30,1,0.5,,1,1,0,0,0.5,0.5,0,0
Central Florida Pine Flatwoods,Longleaf Pine-Slash Pine-Saw Palmetto-1,Riparian,1,99,80,60,30,1,0.5,,1,1,0,0,0.5,0.5,0,0
Central Interior and Appalachian Floodplain Systems,American Sycamore-Silver Maple-3,Riparian,1,99,95,85,30,0,,1,0,0,0,1,0,0,0,1
Central Interior and Appalachian Floodplain Systems,Pecan-American Sycamore-Schumards Oak-1,Riparian,1,99,95,85,30,0,,1,0,0,0,1,0,0,0,1
Central Interior and Appalachian Floodplain Systems,Silver Maple-American Sycamore-Black Willow-3,Riparian,1,99,95,85,30,0,,1,0,0,0,1,0,0,0,1
Central Interior and Appalachian Riparian Systems,River Birch-American Sycamore-3,Riparian,1,99,95,95,30,0,,1,0,0,0,1,0,0,0,1
Central Interior and Appalachian Riparian Systems,Sugarberry-Bur Oak-Green Ash-1,Riparian,1,99,95,95,30,0,,1,0,0,0,1,0,0,0,1
Central Interior and Appalachian Shrub-Herbaceous Wetland Systems,Upright Sedge-Bluejoint Grass-2,Riparian,1,99,0,0,30,,,,,,,,,,,
Central Interior and Appalachian Swamp Systems,Red Maple-Black Ash-Blackgum-5,Riparian,1,99,95,95,25,0,,1,0,0,0,1,0,0,0,1
Central Interior Highlands Calcareous Glade and Barrens,Little Bluestem-Big Bluestem-Rosinweed-1,Grassland,0,95,10,5,,,,,,,,,,,,
Central Interior Highlands Dry Acidic Glade and Barrens,Post Oak-Blackjack Oak-Black Hickory-1,Hardwood,0,95,25,10,20,0,,1,0,0,0,1,0,0,0,1
Central Mixedgrass Prairie,Bluebunch Wheatgrass-Big Bluestem-Little Bluestem-2,Grassland,0,99,0,0,,,,,,,,,,,,
Central Tallgrass Prairie,Big Bluestem-Switchgrass-2,Grassland,0,99,0,0,,,,,,,,,,,,
Chihuahuan Creosotebush Desert Scrub,Creosote-Tarwort-5,Shrubland,0,25,25,0,3,,,,,,,,,,,
Chihuahuan Grama Grass-Creosote Steppe,Acacia-Creosote-5,Shrubland,0,60,10,0,3,,,,,,,,,,,
Chihuahuan Gypsophilous Grassland and Steppe,Alkali Sacaton-Gypsum Grama-5,Grassland,0,99,0,0,1,,,,,,,,,,,
Chihuahuan Loamy Plains Desert Grassland,Tobosagrass-Black Grama-2,Grassland,0,60,0,0,,,,,,,,,,,,
Chihuahuan Mixed Desert and Thorn Scrub,Acacia-Creosote-5,Shrubland,0,25,25,0,3,,,,,,,,,,,
Chihuahuan Mixed Desert Shrubland,Acacia-Creosote-5,Shrubland,0,25,25,0,3,,,,,,,,,,,
Chihuahuan Mixed Salt Desert Scrub,Fourwing Saltbrush-Horsebrush-5,Shrubland,0,25,25,0,1,,,,,,,,,,,
Chihuahuan Sandy Plains Semi-Desert Grassland,Indian Ricegrass-Black Grama-5,Grassland,0,60,0,0,,,,,,,,,,,,
Chihuahuan Stabilized Coppice Dune and Sand Flat Scrub,Mesquite-Fourwing Saltbush-5,Shrubland,0,25,25,0,,,,,,,,,,,,
Chihuahuan Succulent Desert Scrub,Ocotillo-Cactus-4,Shrubland,0,25,25,0,3,,,,,,,,,,,
Chihuahuan-Sonoran Desert Bottomland and Swale Grassland,Tobosagrass-Alkali Sacaton-2,Grassland,0,60,0,0,,,,,,,,,,,,
Chihuahuan-Sonoran Desert Bottomland and Swale Grassland - Alkali Sacaton,AlkaliSacaton-Tobosa-2,Grassland,0,60,0,0,,,,,,,,,,,,
Chihuahuan-Sonoran Desert Bottomland and Swale Grassland - Tobosa Grassland,Tobosagrass-Tree Cholla-2,Grassland,0,60,0,0,,,,,,,,,,,,
Colorado Plateau Blackbrush-Mormon-tea Shrubland,Blackbrush-Mormon Tea-3,Shrubland,0,25,25,0,1,,,,,,,,,,,
Colorado Plateau Mixed Low Sagebrush Shrubland,Bigelow Sage-Low Sage-4,Shrubland,0,25,25,0,1,,,,,,,,,,,
Colorado Plateau Pinyon-Juniper Shrubland,Two Needle Pinyon-Utah Juniper-3,Conifer,0,99,60,0,15,1,1,,1,0,0,0,1,0,0,0
Colorado Plateau Pinyon-Juniper Woodland,Two Needle Pinyon-Utah Juniper-3,Conifer,0,99,60,60,15,1,1,,1,0,0,0,1,0,0,0
Columbia Basin Foothill and Canyon Dry Grassland,Bluebunch Wheatgrass-Sandberg Bluegrass-1,Grassland,0,99,0,0,,,,,,,,,,,,
Columbia Basin Palouse Prairie,Bluebunch Wheatgrass-Idaho Fescue-1,Grassland,0,99,0,0,,,,,,,,,,,,
Columbia Plateau Low Sagebrush Steppe,Low Sage-Idaho Fescue-3,Shrubland,0,60,10,0,1,,,,,,,,,,,
Columbia Plateau Scabland Shrubland,Low Sage-Scabland Sage-5,Shrubland,0,25,25,0,1,,,,,,,,,,,
Columbia Plateau Steppe and Grassland,Indian Ricegrass-Squirreltail-4,Grassland,0,99,0,0,,,,,,,,,,,,
Columbia Plateau Western Juniper Woodland and Savanna,Western Juniper-Low Sage-3,Conifer,0,99,25,25,15,1,1,,1,0,0,0,1,0,0,0
Crosstimbers Oak Forest and Woodland,Post Oak-Blackjack Oak-Big Bluestem-1,Hardwood,0,100,85,85,20,0,,1,0,0,0,1,0,0,0,1
East Cascades Mesic Montane Mixed-Conifer Forest and Woodland,Douglas Fir-Grand Fir Mix-3,Conifer,0,100,95,95,30,1,1,,1,0,0,0,1,0,0,0
East Cascades Oak-Ponderosa Pine Forest and Woodland,Ponderosa Pine-Oregon White Oak-1,Conifer,0,100,85,85,25,0.5,1,1,1,0,0,1,0.5,0,0,0.5
East Gulf Coastal Plain Dune and Coastal Grassland,Sea Oats-5,Grassland,0,99,0,0,,,,,,,,,,,,
East Gulf Coastal Plain Interior Shortleaf Pine-Oak Forest,Shortleaf Pine-Oaks-1,Hardwood-Conifer,0,100,95,95,25,0.5,1,1,1,0,0,1,0.5,0,0,0.5
East Gulf Coastal Plain Interior Upland Longleaf Pine Woodland,Longleaf Pine-Pineland Threeawn-Beyrich Threeawn-1,Conifer,0,99,60,60,25,1,0.9,,1,0.111111111,0,0,0.9,0.1,0,0
East Gulf Coastal Plain Jackson Plain Prairie and Barrens,White Oak-Post Oak- Big Bluestem-1,Grassland,0,99,10,10,,0,,1,0,0,0,1,0,0,0,1
East Gulf Coastal Plain Limestone Forest,Post Oak-Chinquapin Oak-Shortleaf Pine-1,Hardwood,0,100,95,95,25,0.5,1,1,1,0,0,1,0.5,0,0,0.5
East Gulf Coastal Plain Maritime Forest,Slash Pine-Myrtle Oak-Saw Palmetto-1,Hardwood-Conifer,0,100,80,60,25,1,0.3,,0.428571429,1,0,0,0.3,0.7,0,0
East Gulf Coastal Plain Near-Coast Pine Flatwoods,Longleaf Pine-Slash Pine-Saw Palmetto-1,Riparian,0.5,99,80,60,30,1,0.5,,1,1,0,0,0.5,0.5,0,0
East Gulf Coastal Plain Northern Dry Upland Hardwood Forest,White Oak-Post Oak-Hickory-1,Hardwood,0,100,85,85,25,0,,1,0,0,0,1,0,0,0,1
East Gulf Coastal Plain Northern Loess Bluff Forest,Beech-White Oak-Cucumber Tree-3,Hardwood,0,100,95,95,30,0,,1,0,0,0,1,0,0,0,1
East Gulf Coastal Plain Northern Loess Plain Oak-Hickory Upland,White Oak-Post Oak-Hickory-1,Hardwood,0,99,95,95,25,0,,1,0,0,0,1,0,0,0,1
East Gulf Coastal Plain Northern Mesic Hardwood Slope Forest,Beech-Cherrybark Oak-Tulip Tree-3,Hardwood,0,100,95,95,30,0,,1,0,0,0,1,0,0,0,1
East Gulf Coastal Plain Savanna and Wet Prairie,Beyrich Threeawn-Toothache Grass-Longleaf Pine-1,Savanna,1,99,5,5,25,1,0.9,,1,0.111111111,0,0,0.9,0.1,0,0
East Gulf Coastal Plain Southern Loblolly-Hardwood Flatwoods,Loblolly Pine-Willow Oak-1,Riparian,0.5,99,80,80,40,0.5,1,1,1,0,0,1,0.5,0,0,0.5
East Gulf Coastal Plain Southern Loess Bluff Forest,Cherrybark Oak-Sweetgum-Beech-3,Hardwood,0,100,95,95,30,0,,1,0,0,0,1,0,0,0,1
East-Central Texas Plains Post Oak Savanna and Woodland,Big Bluestem-Little Bluestem-Post Oak-1,Grassland,0,99,25,25,,0,,1,0,0,0,1,0,0,0,1
East-Central Texas Plains Southern Pine Forest and Woodland,Loblolly Pine- Post Oak-Big Bluestem-1,Conifer,0,100,85,85,25,0.5,1,1,1,0,0,1,0.5,0,0,0.5
Eastern Boreal Floodplain,Black Ash-Balsam Poplar-Balsam Fir-3,Hardwood,1,99,95,85,25,0.5,1,1,1,0,0,1,0.5,0,0,0.5
Eastern Great Plains Floodplain Systems,Eastern Cottonwood-Green Ash-Ginger-3,Riparian,1,99,95,85,30,0,,1,0,0,0,1,0,0,0,1
Eastern Great Plains Tallgrass Aspen Parkland,Quaking Aspen-Balsam Poplar-Big Bluestem-1,Hardwood,0,99,95,95,25,0,,1,0,0,0,1,0,0,0,1
Eastern Great Plains Wet Meadow-Prairie-Marsh,Big Bluestem-Switchgrass-2,Grassland,1,99,0,0,,,,,,,,,,,,
Eastern Highland Rim Prairie and Barrens,White Oak-Post Oak- Big Bluestem-1,Grassland,0,99,25,10,,0,,1,0,0,0,1,0,0,0,1
Eastern Serpentine Woodland,White Oak-Pine-Serpentine Forbs-1,Hardwood-Conifer,0,95,60,60,20,0.5,1,1,1,0,0,1,0.5,0,0,0.5
Edwards Plateau Dry-Mesic Slope Forest and Woodland,Ashes Juniper-Buckley Oak-Texas Ash-1,Hardwood,0,100,85,85,25,0.5,1,1,1,0,0,1,0.5,0,0,0.5
Edwards Plateau Limestone Savanna and Woodland,Texas Live Oak-Buckleys Oak-Little Bluestem-1,Hardwood,0,99,25,25,20,0.5,0.5,1,0.5,0.5,0,1,0.25,0.25,0,0.5
Edwards Plateau Limestone Shrubland,Sandpaper Oak-Pinchots Juniper-1,Conifer,0,99,60,0,15,1,0.5,,1,1,0,0,0.5,0.5,0,0
Edwards Plateau Mesic Canyon,Buckley Oak-Bigtooth Maple-Black Cherry-3,Hardwood,0,99,95,95,25,0,,1,0,0,0,1,0,0,0,1
Edwards Plateau Riparian,American Sycamore-Cedar Elm-Bushy Bluestem-1,Riparian,1,99,60,60,30,0,,1,0,0,0,1,0,0,0,1
Florida Dry Prairie,Threeawn-Saw Palmetto-2,Grassland,0,99,0,0,,,,,,,,,,,,
Florida Longleaf Pine Sandhill,Longleaf Pine-Florida Alicia-1,Conifer,0,99,60,60,,1,0.9,,1,0.111111111,0,0,0.9,0.1,0,0
Florida Peninsula Inland Scrub,Ocala Sand Pine-2,Conifer,0,95,60,10,25,1,0.5,,1,1,0,0,0.5,0.5,0,0
Floridian Highlands Freshwater Marsh,Sand Cordgrass-Maidencane-2,Riparian,1,99,0,0,,,,,,,,,,,,
Great Basin Pinyon-Juniper Woodland,Singleleaf Pinyon-Utah Juniper-3,Conifer,0,99,60,60,15,1,1,,1,0,0,0,1,0,0,0
Great Basin Semi-Desert Chaparral,Pointleaf Manzanita-Desert Ceanothus-Birchleaf Mountain Mahogany-4,Shrubland,0,60,60,0,3,,,,,,,,,,,
Great Basin Xeric Mixed Sagebrush Shrubland,Black Sage-Low Sage-3,Shrubland,0,25,25,0,,,,,,,,,,,,
Great Lakes Alvar,Common Juniper-Richardsons Sedge-Povertygrass-5,Conifer,0,99,95,95,15,1,1,,1,0,0,0,1,0,0,0
Great Lakes Coastal Marsh Systems,Common Threesquare-Hardstem Bulrush-5,Riparian,1,99,0,0,,,,,,,,,,,,
Great Lakes Pine Barrens,Jack Pine-1,Conifer,0,99,60,25,15,1,1,,1,0,0,0,1,0,0,0
Great Lakes Spruce-Fir,Black Spruce-White Spruce-Balsam Fir-4,Conifer,0,99,95,95,20,1,1,,1,0,0,0,1,0,0,0
Great Lakes Wet-Mesic Lakeplain Prairie,Upright Sedge-Little Bluestem-Common Mountain Mint-2,Riparian,1,99,0,0,,,,,,,,,,,,
Great Lakes Wooded Dune and Swale,Beachgrass-Northern White Cedar-5,Riparian,0.5,99,60,60,20,1,1,,1,0,0,0,1,0,0,0
Great Plains Prairie Pothole,Woolyfruit Sedge-Spikebrush-Western Wheatgrass-4,Grassland,0,99,0,0,,,,,,,,,,,,
Gulf and Atlantic Coastal Plain Floodplain Systems,Water Oak-American Elm-Swampprivet-3,Riparian,1,99,85,85,30,0,,1,0,0,0,1,0,0,0,1
Gulf and Atlantic Coastal Plain Floodplain Systems,Willow Oak-Water Oak-American Elm-3,Riparian,1,99,85,85,30,0,,1,0,0,0,1,0,0,0,1
Gulf and Atlantic Coastal Plain Small Stream Riparian Systems,Loblolly Pine-Southern Magnolia-Cypress-1,Riparian,1,99,95,95,40,0.5,0.5,1,0.5,0.5,0,1,0.25,0.25,0,0.5
Gulf and Atlantic Coastal Plain Small Stream Riparian Systems,American Sycamore-Sugarberry-Pine-3,Riparian,1,99,95,95,40,0,,1,0,0,0,1,0,0,0,1
Gulf and Atlantic Coastal Plain Small Stream Riparian Systems,Cedar Elm-Hackberry-Green Ash-1,Riparian,1,99,95,95,30,0,,1,0,0,0,1,0,0,0,1
Gulf and Atlantic Coastal Plain Sparsely Vegetated Systems,Sparsely Vegetated,Sparse,0,1,0,0,,,,,,,,,,,,
Gulf and Atlantic Coastal Plain Swamp Systems,Bald Cypress-Atlantic White Cedar-Red Maple-5,Riparian,1,99,85,85,30,0.5,1,1,1,0,0,1,0.5,0,0,0.5
Gulf and Atlantic Coastal Plain Tidal Marsh Systems,Saltmeadow Cordgrass-Saltgrass-Gulf Cordgrass-2,Grassland,1,99,0,0,,,,,,,,,,,,
Gulf and Atlantic Coastal Plain Tidal Marsh Systems,Saltmeadow Cordgrass-Saltgrass-Gulf Cordgrass-2,Riparian,1,99,0,0,,,,,,,,,,,,
Gulf and Atlantic Coastal Plain Tidal Marsh Systems,Smooth Cordgrass-Saltmeadow Rush-Saltmeadow Cordgrass-2,Riparian,1,99,0,0,,,,,,,,,,,,
Inter-Mountain Basins Aspen-Mixed Conifer Forest and Woodland,Quaking Aspen-Subalpine Fir-Douglas Fir-3,Hardwood-Conifer,0,100,85,85,25,0.5,1,1,1,0,0,1,0.5,0,0,0.5
Inter-Mountain Basins Aspen-Mixed Conifer Forest and Woodland - High Elevation,Quaking Aspen-Subalpine Fir-Douglas Fir-3,Hardwood-Conifer,0,100,85,85,25,0.5,1,1,1,0,0,1,0.5,0,0,0.5
Inter-Mountain Basins Aspen-Mixed Conifer Forest and Woodland - Low Elevation,Quaking Aspen-Subalpine Fir-Douglas Fir-3,Hardwood-Conifer,0,100,85,85,25,0.5,1,1,1,0,0,1,0.5,0,0,0.5
Inter-Mountain Basins Big Sagebrush Shrubland,Mountain Big Sage-Bitterbrush-3,Shrubland,0,25,25,0,3,,,,,,,,,,,
Inter-Mountain Basins Big Sagebrush Shrubland,Wyoming Big Sage-Rubber Rabbitbrush-4,Shrubland,0,25,25,0,3,,,,,,,,,,,
Inter-Mountain Basins Big Sagebrush Shrubland,Wyoming Big Sage-Spiny Hopsage-1,Shrubland,0,25,25,0,3,,,,,,,,,,,
Inter-Mountain Basins Big Sagebrush Shrubland - Basin Big Sagebrush,Basin Big Sage-Greasewood-4,Shrubland,0,25,25,0,3,,,,,,,,,,,
Inter-Mountain Basins Big Sagebrush Shrubland - Wyoming Big Sagebrush,Wyoming Big Sage-Indian Ricegrass-4,Shrubland,0,25,25,0,3,,,,,,,,,,,
Inter-Mountain Basins Big Sagebrush Steppe,Wyoming Big Sage-Wheatgrass-3,Shrubland,0,60,10,0,3,,,,,,,,,,,
Inter-Mountain Basins Big Sagebrush Steppe,Wyoming Big Sage-Wheatgrass-4,Shrubland,0,60,10,0,3,,,,,,,,,,,
Inter-Mountain Basins Curl-leaf Mountain Mahogany Woodland and Shrubland,Curlleaf Mountain Mahogany-Mountain Big Sagebrush-3,Shrubland,0,99,60,25,10,,,,,,,,,,,
Inter-Mountain Basins Greasewood Flat,Greasewood-Shadscale-5,Shrubland,0,25,25,0,,,,,,,,,,,,
Inter-Mountain Basins Juniper Savanna,Western Juniper-Utah Juniper-3,Conifer,0,99,25,25,15,1,1,,1,0,0,0,1,0,0,0
Inter-Mountain Basins Mat Saltbush Shrubland,Mat Saltbush-5,Shrubland,0,25,25,0,1,,,,,,,,,,,
Inter-Mountain Basins Mixed Salt Desert Scrub,Shadscale-Winterfat-5,Shrubland,0,25,25,0,1,,,,,,,,,,,
Inter-Mountain Basins Mixed Salt Desert Scrub - North,Shadscale-Winterfat-5,Shrubland,0,25,25,0,1,,,,,,,,,,,
Inter-Mountain Basins Mixed Salt Desert Scrub - South,Shadscale-Winterfat-5,Shrubland,0,25,25,0,1,,,,,,,,,,,
Inter-Mountain Basins Montane Riparian Systems,Black Cottonwood-Narrowleaf Willow-3,Riparian,1,99,95,80,25,0,,1,0,0,0,1,0,0,0,1
Inter-Mountain Basins Montane Sagebrush Steppe,Mountain Sagebrush-Bluebunch Wheatgrass-Idaho Fescue-4,Shrubland,0,60,10,0,,,,,,,,,,,,
Inter-Mountain Basins Montane Sagebrush Steppe - Low Sagebrush,Low Sage-Black Sage-Silver Sage-5,Shrubland,0,60,10,0,,,,,,,,,,,,
Inter-Mountain Basins Montane Sagebrush Steppe - Mountain Big Sagebrush,Mountain Sagebrush-Bluebunch Wheatgrass-Idaho Fescue-4,Shrubland,0,60,10,0,,,,,,,,,,,,
Inter-Mountain Basins Semi-Desert Grassland,Indian Ricegrass-Threeawn-1,Grassland,0,60,0,0,,,,,,,,,,,,
Inter-Mountain Basins Semi-Desert Shrub-Steppe,Sand Sage-Jointfir-3,Shrubland,0,60,10,0,,,,,,,,,,,,
Inter-Mountain Basins Semi-Desert Shrub-Steppe,Spiny Hopsage-Jointfir-5,Shrubland,0,60,10,0,,,,,,,,,,,,
Inter-Mountain Basins Sparsely Vegetated Systems,Sparsely Vegetated,Sparse,0,1,0,0,,,,,,,,,,,,
Inter-Mountain Basins Subalpine Limber-Bristlecone Pine Woodland,Limber Pine-Bristlecone Pine-3,Conifer,0,99,60,60,,1,1,,1,0,0,0,1,0,0,0
Klamath-Siskiyou Lower Montane Serpentine Mixed Conifer Woodland,Douglas Fir-Incense Cedar-1,Conifer,0,95,60,60,,1,1,,1,0,0,0,1,0,0,0
Klamath-Siskiyou Upper Montane Serpentine Mixed Conifer Woodland,Douglas Fir-Incense Cedar-1,Conifer,0,95,60,60,,1,1,,1,0,0,0,1,0,0,0
Klamath-Siskiyou Xeromorphic Serpentine Savanna and Chaparral,Jeffery Pine-Roemers Fescue-Oatgrass-1,Conifer,0,95,60,10,25,1,1,,1,0,0,0,1,0,0,0
Laurentian Pine-Oak Barrens,White Oak-White Pine-Pennsylvania Sedge-1,Hardwood-Conifer,0,99,25,25,25,0.5,1,1,1,0,0,1,0.5,0,0,0.5
Laurentian-Acadian Alkaline Conifer-Hardwood Swamp,Northern White Cedar-5,Riparian,1,99,95,95,20,0.5,1,1,1,0,0,1,0.5,0,0,0.5
Laurentian-Acadian Floodplain Systems,Silver Maple-Green Ash-Black Ash-3,Riparian,1,99,95,85,30,0,,1,0,0,0,1,0,0,0,1
Laurentian-Acadian Jack Pine Barrens and Forest,Jack Pine-Pennsylvania Sedge-1,Conifer,0,100,75,60,,1,1,,1,0,0,0,1,0,0,0
Laurentian-Acadian Northern Hardwoods Forest,Sugar Maple-Eastern Hemlock-5,Hardwood,0,100,95,95,30,0.3,1,1,0.428571429,0,0,1,0.3,0,0,0.7
Laurentian-Acadian Northern Hardwoods Forest - Hemlock,Sugar Maple-Eastern Hemlock-5,Hardwood,0,100,95,95,30,0.3,1,1,0.428571429,0,0,1,0.3,0,0,0.7
Laurentian-Acadian Northern Pine Forest,Red Pine-White Pine-Balsam Fir-1,Hardwood-Conifer,0,100,95,95,25,1,1,,1,0,0,0,1,0,0,0
Laurentian-Acadian Northern Pine(-Oak) Forest,Red Pine-White Pine-White Oak-3,Hardwood-Conifer,0,100,95,95,25,0.5,1,1,1,0,0,1,0.5,0,0,0.5
Laurentian-Acadian Pine-Hemlock-Hardwood Forest,Eastern Hemlock-White Pine-Yellow Birch-3,Hardwood-Conifer,0,100,95,95,40,0.7,1,1,1,0,0,0.428571429,0.7,0,0,0.3
Laurentian-Acadian Shrub-Herbaceous Wetland Systems,Upright Sedge-Bluejoint Grass-2,Riparian,1,99,0,0,,,,,,,,,,,,
Laurentian-Acadian Shrub-Herbaceous Wetland Systems,Upright Sedge-Bluejoint Grass-5,Riparian,1,99,0,0,,,,,,,,,,,,
Laurentian-Acadian Swamp Systems,Northern White Cedar-5,Riparian,1,99,95,95,20,1,1,,1,0,0,0,1,0,0,0
Llano Uplift Acidic Forest-Woodland-Glade,Live Oak-Post Oak-Little Bluestem-1,Hardwood,0,95,60,60,25,0.5,0,1,0,1,0,1,0,0.5,0,0.5
Lower Mississippi Alluvial Plain Grand Prairie,Big Bluestem-Switchgrass-1,Grassland,0,99,0,0,,,,,,,,,,,,
Lower Mississippi River Dune Woodland and Forest,Post Oak-Sassafras-Pondberry-1,Hardwood,0,100,85,85,25,0,,1,0,0,0,1,0,0,0,1
Lower Mississippi River Flatwoods,Willow Oak-Overcup Oak-3,Hardwood,1,99,85,85,25,0,,1,0,0,0,1,0,0,0,1
Madrean Encinal,Arizona Pine-Emory Oak-1,Conifer,0,99,95,95,25,1,0.5,,1,1,0,0,0.5,0.5,0,0
Madrean Juniper Savanna,Alligator Juniper-Emory Oak-3,Conifer,0,99,25,25,15,1,0.5,,1,1,0,0,0.5,0.5,0,0
Madrean Lower Montane Pine-Oak Forest and Woodland,Arizona Pine-Emory Oak-1,Conifer,0,100,85,85,25,1,0.5,,1,1,0,0,0.5,0.5,0,0
Madrean Oriental Chaparral,Gambel Oak-Serviceberry-3,Shrubland,0,99,60,0,5,0,,1,0,0,0,1,0,0,0,1
Madrean Pinyon-Juniper Woodland,Alligator Juniper-Emory Oak-3,Conifer,0,99,60,60,15,1,0.5,,1,1,0,0,0.5,0.5,0,0
Madrean Upper Montane Conifer-Oak Forest and Woodland,Douglas Fir-Silverleaf Oak-1,Conifer,0,100,85,85,25,1,0.5,,1,1,0,0,0.5,0.5,0,0
Mediterranean California Alpine Dry Tundra,Nearlyblack Sedge-Shorthair-5,Grassland,0,95,0,0,,,,,,,,,,,,
Mediterranean California Alpine Fell-Field,Pink Mountain Heath-Wax Currant-5,Shrubland,0,99,60,0,3,0.5,0,1,0,1,0,1,0,0.5,0,0.5
Mediterranean California Dry-Mesic Mixed Conifer Forest and Woodland,Ponderosa Pine-Incense Cedar-1,Conifer,0,100,85,75,40,1,1,,1,0,0,0,1,0,0,0
Mediterranean California Lower Montane Black Oak-Conifer Forest and Woodland,Ponderosa Pine-California Black Oak-1,Conifer,0,100,85,85,30,0.5,1,1,1,0,0,1,0.5,0,0,0.5
Mediterranean California Mesic Mixed Conifer Forest and Woodland,Douglas Fir-White Fir-Sugar Pine-1,Conifer,0,100,95,95,60,1,1,,1,0,0,0,1,0,0,0
Mediterranean California Mesic Serpentine Woodland and Chaparral,Sargents Cypress-LeatherOak-3,Shrubland,0,95,75,25,20,1,0.5,,1,1,0,0,0.5,0.5,0,0
Mediterranean California Mixed Evergreen Forest,Douglas Fir-Tanoak-Pacific Madrone-1,Conifer,0,100,95,95,60,1,0.5,,1,1,0,0,0.5,0.5,0,0
Mediterranean California Mixed Oak Woodland,Oregon White Oak-RoemersFescue-Oatgrass-1,Hardwood,0,99,60,60,25,0,,1,0,0,0,1,0,0,0,1
Mediterranean California Red Fir Forest,Red Fir-1,Conifer,0,100,95,95,30,1,1,,1,0,0,0,1,0,0,0
Mediterranean California Red Fir Forest - Cascades,Red Fir-White Fir-1,Conifer,0,100,95,95,30,1,1,,1,0,0,0,1,0,0,0
Mediterranean California Red Fir Forest - Southern Sierra,Red Fir-Western White Pine-3,Conifer,0,100,95,95,30,1,1,,1,0,0,0,1,0,0,0
Mediterranean California Sparsely Vegetated Systems,Sparsely Vegetated,Sparse,0,1,0,0,,,,,,,,,,,,
Mediterranean California Subalpine Meadow,Western Yarrow-Rothrock Sage-2,Grassland,0,99,0,0,,,,,,,,,,,,
Mediterranean California Subalpine Woodland,Whitebark Pine-3,Conifer,0,99,60,60,,1,1,,1,0,0,0,1,0,0,0
Middle Rocky Mountain Montane Douglas-fir Forest and Woodland,Douglas Fir-Ninebark-3,Conifer,0,100,85,85,20,1,1,,1,0,0,0,1,0,0,0
Middle Rocky Mountain Montane Douglas-fir Forest and Woodland - Fire-maintained Savanna,Douglas Fir-Idaho Fescue-1,Conifer,0,100,85,25,,1,1,,1,0,0,0,1,0,0,0
Mississippi Delta Maritime Forest,Slash Pine-Myrtle Oak-Saw Palmetto-1,Hardwood-Conifer,0,100,80,60,25,1,0.5,,1,1,0,0,0.5,0.5,0,0
Mississippi River Alluvial Plain Dry-Mesic Loess Slope Forest,Beech-Tuliptree-3,Hardwood,0,100,95,95,30,0,,1,0,0,0,1,0,0,0,1
Mogollon Chaparral,Pointleaf Manzanita-Desert Ceanothus-Birchleaf Mountain Mahogany-4,Shrubland,0,99,60,0,3,1,0,,0,1,0,0,0,1,0,0
Mojave Mid-Elevation Mixed Desert Scrub,Blackbrush-Jointfir-5,Shrubland,0,25,25,0,1,,,,,,,,,,,
Nashville Basin Limestone Glade and Woodland,Dropseed-Little Bluestem-Post Oak-1,Savanna,0,95,25,10,20,0,,1,0,0,0,1,0,0,0,1
No Data,No Data,No Data,,,,,,,,,,,,,,,,
North American Warm Desert Riparian Systems,Alkali Sacaton-Vine Mesquite-5,Riparian,1,99,60,25,15,0,,1,0,0,0,1,0,0,0,1
North American Warm Desert Riparian Systems,Cottonwood-Goodings Willow-Mesquite-1,Riparian,1,99,60,25,25,0,,1,0,0,0,1,0,0,0,1
North American Warm Desert Riparian Systems,Desert Willow-Arizona Sycamore-5,Riparian,1,99,60,25,20,0,,1,0,0,0,1,0,0,0,1
North American Warm Desert Riparian Systems - Stringers,Goodings Willow-Velvet Ash-Acacia-5,Riparian,1,99,60,25,20,0,,1,0,0,0,1,0,0,0,1
North American Warm Desert Sparsely Vegetated Systems,Sparsely Vegetated,Sparse,0,1,0,0,0,,,,,,,,,,,
North Pacific Alpine and Subalpine Dry Grassland,Idaho Fescue-Beargrass-4,Grassland,0,99,0,0,,,,,,,,,,,,
North Pacific Avalanche Chute Shrubland,Sitka Alder-Salmonberry-5,Shrubland,0,99,60,0,,0,,1,0,0,0,1,0,0,0,1
North Pacific Broadleaf Landslide Forest and Shrubland,Red Alder-Bigleaf Maple-5,Hardwood,0,100,60,30,25,0,,1,0,0,0,1,0,0,0,1
North Pacific Dry and Mesic Alpine Dwarf-Shrubland or Fell-field or Meadow,Pink Mountain Heath-Wax Currant-5,Shrubland,0,99,60,0,,0.5,0,1,0,1,0,1,0,0.5,0,0.5
North Pacific Dry Douglas-fir(-Madrone) Forest and Woodland,Douglas Fir-3,Conifer,0,100,85,85,25,1,1,,1,0,0,0,1,0,0,0
North Pacific Dry-Mesic Silver Fir-Western Hemlock-Douglas-fir Forest,Silver Fir-Western Hemlock-3,Conifer,0,100,95,95,50,1,1,,1,0,0,0,1,0,0,0
North Pacific Hypermaritime Sitka Spruce Forest,Sitka Spruce-Western Hemlock-5,Conifer,0,100,95,95,60,1,1,,1,0,0,0,1,0,0,0
North Pacific Hypermaritime Western Red-cedar-Western Hemlock Forest,Red Cedar-Western Hemlock-5,Conifer,0,100,95,95,60,1,1,,1,0,0,0,1,0,0,0
North Pacific Lowland Riparian Forest and Shrubland,Black Cottonwood-Bigleaf Maple-Western Redcedar-5,Riparian,1,100,95,60,,0.5,1,1,1,0,0,1,0.5,0,0,0.5
North Pacific Maritime Dry-Mesic Douglas-fir-Western Hemlock Forest,Douglas Fir-Western Hemlock-3,Conifer,0,100,95,95,60,1,1,,1,0,0,0,1,0,0,0
North Pacific Maritime Mesic Subalpine Parkland,Mountain Hemlock-Mountain Heath-5,Conifer,0,100,60,25,,1,1,,1,0,0,0,1,0,0,0
North Pacific Maritime Mesic-Wet Douglas-fir-Western Hemlock Forest,Douglas Fir-Western Hemlock-5,Conifer,0.1,100,95,95,60,1,1,,1,0,0,0,1,0,0,0
North Pacific Mesic Western Hemlock-Silver Fir Forest,Western Hemlock-5,Conifer,0,100,95,95,60,1,1,,1,0,0,0,1,0,0,0
North Pacific Montane Grassland,Wildrye-Idaho Fescue-2,Grassland,0,99,0,0,,,,,,,,,,,,
North Pacific Montane Riparian Woodland and Shrubland - Dry,White Alder-Devils Club-5,Riparian,1,99,60,30,20,0,,1,0,0,0,1,0,0,0,1
North Pacific Montane Riparian Woodland and Shrubland - Wet,Red Alder-Bigleaf Maple-Vine Maple-5,Riparian,1,99,60,30,25,0,,1,0,0,0,1,0,0,0,1
North Pacific Montane Shrubland,Huckelberry-Beargrass-5,Shrubland,0,99,60,0,,0,,1,0,0,0,1,0,0,0,1
North Pacific Mountain Hemlock Forest - Wet,Mountain Hemlock-Devils Club-5,Conifer,0.1,100,95,95,30,1,1,,1,0,0,0,1,0,0,0
North Pacific Mountain Hemlock Forest - Xeric,Mountain Hemlock-Huckleberry-5,Conifer,0,100,95,95,30,1,1,,1,0,0,0,1,0,0,0
North Pacific Oak Woodland,Oregon White Oak-RoemersFescue-Oatgrass-1,Hardwood,0,99,60,60,25,0,,1,0,0,0,1,0,0,0,1
North Pacific Sparsely Vegetated Systems,Sparsely Vegetated,Sparse,0,1,0,0,,,,,,,,,,,,
North Pacific Swamp Systems,Thinleaf Alder-Oregon Ash-Western Redcedar-5,Riparian,1,99,95,95,50,0.5,1,1,1,0,0,1,0.5,0,0,0.5
North Pacific Wooded Volcanic Flowage,Lodgepole Pine-Lichen-5,Conifer,0,99,95,95,20,1,1,,1,0,0,0,1,0,0,0
North-Central Interior Beech-Maple Forest,Sugar Maple-Beech-Basswood-5,Hardwood,0,100,95,95,30,0,,1,0,0,0,1,0,0,0,1
North-Central Interior Dry Oak Forest and Woodland,White Oak-Black Oak-Mockernut Hickory-1,Hardwood,0,100,85,85,25,0,,1,0,0,0,1,0,0,0,1
North-Central Interior Dry-Mesic Oak Forest and Woodland,White Oak-Black Oak-Mockernut Hickory-1,Hardwood,0,100,85,85,25,0,,1,0,0,0,1,0,0,0,1
North-Central Interior Maple-Basswood Forest,Sugar Maple-Beech-Basswood-5,Hardwood,0,100,95,95,30,0,,1,0,0,0,1,0,0,0,1
North-Central Interior Oak Savanna,White Oak-Bur Oak-Big Bluestem-1,Hardwood,0,99,25,25,25,0,,1,0,0,0,1,0,0,0,1
North-Central Interior Sand and Gravel Tallgrass Prairie,Little Bluestem-Sideoats Grama-2,Grassland,0,99,0,0,,,,,,,,,,,,
North-Central Interior Wet Flatwoods,Pin Oak-Swamp White Oak-Maple-5,Hardwood,1,99,95,95,30,0,,1,0,0,0,1,0,0,0,1
North-Central Oak Barrens,Black Oak-Northern Pin Oak-Little Bluestem-1,Hardwood,0,99,25,25,20,0,,1,0,0,0,1,0,0,0,1
Northeastern Interior Dry-Mesic Oak Forest,White Oak-Black Oak-White Pine-1,Hardwood,0,100,95,95,30,0.2,1,1,0.25,0,0,1,0.2,0,0,0.8
Northeastern Interior Pine Barrens,Pitch Pine-Scrub Oak-1,Conifer,0,99,60,25,,0.5,1,1,1,0,0,1,0.5,0,0,0.5
Northern and Central California Dry-Mesic Chaparral,Chamise-Manzanita-4,Shrubland,0,99,60,0,,1,0,,0,1,0,0,0,1,0,0
Northern Atlantic Coastal Plain Dune and Swale,American Beachgrass-Northern Bayberry-1,Grassland,0.5,99,10,0,,0,,1,0,0,0,1,0,0,0,1
Northern Atlantic Coastal Plain Dune and Swale,Sea Oats-1,Grassland,0,99,0,0,,,,,,,,,,,,
Northern Atlantic Coastal Plain Hardwood Forest,White Oak-Black Oak-Little Bluestem-1,Hardwood,0,100,95,95,25,0,,1,0,0,0,1,0,0,0,1
Northern Atlantic Coastal Plain Maritime Forest,Scarlet Oak-Black Oak-American Holly-1,Hardwood-Conifer,0,100,95,95,25,0.5,0,1,0,1,0,1,0,0.5,0,0.5
Northern Atlantic Coastal Plain Pitch Pine Barrens,Pitch Pine-Scrub Oak-1,Conifer,0,99,60,25,,0.5,1,1,1,0,0,1,0.5,0,0,0.5
Northern California Coastal Scrub,Coyote Brush-Lupine-4,Shrubland,0,99,60,0,,,,,,,,,,,,
Northern California Mesic Subalpine Woodland,Mountain Hemlock-Lodgepole Pine-5,Conifer,0,99,60,60,,1,1,,1,0,0,0,1,0,0,0
Northern Crowley`s Ridge Sand Forest,Shortleaf Pine-Post Oak-Big Bluestem-1,Hardwood-Conifer,0,100,95,95,25,0.5,1,1,1,0,0,1,0.5,0,0,0.5
Northern Rocky Mountain Conifer Swamp,Engelmann Spruce-Ladyfern-5,Conifer,0,99,95,95,25,1,1,,1,0,0,0,1,0,0,0
Northern Rocky Mountain Dry-Mesic Montane Mixed Conifer Forest,Douglas Fir-Ninebark-3,Conifer,0,100,95,95,30,1,1,,1,0,0,0,1,0,0,0
Northern Rocky Mountain Dry-Mesic Montane Mixed Conifer Forest,Ponderosa Pine-Douglas Fir-1,Conifer,0,100,95,95,25,1,1,,1,0,0,0,1,0,0,0
Northern Rocky Mountain Dry-Mesic Montane Mixed Conifer Forest - Grand Fir,Grand Fir-Douglas Fir-Beargrass-3,Conifer,0,100,95,95,30,1,1,,1,0,0,0,1,0,0,0
Northern Rocky Mountain Dry-Mesic Montane Mixed Conifer Forest - Larch,Western Larch-Douglas Fir-3,Conifer,0,100,95,95,30,1,1,,1,0,0,0,1,0,0,0
Northern Rocky Mountain Dry-Mesic Montane Mixed Conifer Forest - Lodgepole Pine,Lodgepole Pine-Douglas Fir-3,Conifer,0,100,95,95,25,1,1,,1,0,0,0,1,0,0,0
Northern Rocky Mountain Dry-Mesic Montane Mixed Conifer Forest - Ponderosa Pine-Douglas-fir,Ponderosa Pine-Douglas Fir-1,Conifer,0,100,95,95,25,1,1,,1,0,0,0,1,0,0,0
Northern Rocky Mountain Foothill Conifer Wooded Steppe,Douglas Fir-Idaho Fescue-1,Conifer,0,99,95,95,25,1,1,,1,0,0,0,1,0,0,0
Northern Rocky Mountain Foothill Conifer Wooded Steppe,Ponderosa Pine-1,Conifer,0,99,95,95,20,1,1,,1,0,0,0,1,0,0,0
Northern Rocky Mountain Lower Montane-Foothill-Valley Grassland,Bluebunch Wheatgrass-Idaho Fescue-2,Grassland,0,99,0,0,,,,,,,,,,,,
Northern Rocky Mountain Lower Montane-Foothill-Valley Grassland,Rough Fescue-Bluebunch Wheatgrass-2,Grassland,0,99,0,0,,,,,,,,,,,,
Northern Rocky Mountain Mesic Montane Mixed Conifer Forest,Grand Fir-Douglas Fir-Pacific Yew-3,Conifer,0,100,95,95,30,1,1,,1,0,0,0,1,0,0,0
Northern Rocky Mountain Mesic Montane Mixed Conifer Forest,Grand Fir-Douglas Fir-Western Red Cedar-3,Conifer,0,100,95,95,30,1,1,,1,0,0,0,1,0,0,0
Northern Rocky Mountain Mesic Montane Mixed Conifer Forest - Cedar Groves,Western Red Cedar-5,Conifer,0,100,95,95,30,1,1,,1,0,0,0,1,0,0,0
Northern Rocky Mountain Montane-Foothill Deciduous Shrubland,Ninebark-Snowberry-2,Shrubland,0,99,60,0,,0,,1,0,0,0,1,0,0,0,1
Northern Rocky Mountain Montane-Foothill Deciduous Shrubland,Serviceberry-Common Snowberry-Rocky Mountain Maple-4,Shrubland,0,99,60,0,,0,,1,0,0,0,1,0,0,0,1
Northern Rocky Mountain Ponderosa Pine Woodland and Savanna,Ponderosa Pine-1,Conifer,0,99,60,60,20,1,1,,1,0,0,0,1,0,0,0
Northern Rocky Mountain Ponderosa Pine Woodland and Savanna - Mesic,Ponderosa Pine-1,Conifer,0,99,25,25,20,1,1,,1,0,0,0,1,0,0,0
Northern Rocky Mountain Ponderosa Pine Woodland and Savanna - Xeric,Ponderosa Pine-3,Conifer,0,99,25,25,20,1,1,,1,0,0,0,1,0,0,0
Northern Rocky Mountain Subalpine Woodland and Parkland,Whitebark Pine-3,Conifer,0,99,60,60,15,1,1,,1,0,0,0,1,0,0,0
Northern Rocky Mountain Subalpine-Upper Montane Grassland,Green Needlegrass-Idaho Fescue-4,Grassland,0,99,0,0,,,,,,,,,,,,
Northern Sugar Maple-Basswood Forest,Sugar Maple-Eastern Hemlock-5,Hardwood,0,100,95,95,30,0.2,1,1,0.25,0,0,1,0.2,0,0,0.8
Northern Tallgrass Prairie,Big Bluestem-Switchgrass-2,Grassland,0,99,0,0,,,,,,,,,,,,
Northwestern Great Plains Aspen Forest and Parkland,Quaking Aspen-Paper Birch-4,Hardwood,0,100,95,95,25,0,,1,0,0,0,1,0,0,0,1
Northwestern Great Plains Canyon,Sparsely Vegetated,Sparse,0,1,0,0,,,,,,,,,,,,
Northwestern Great Plains Highland White Spruce Woodland,White Spruce-1,Conifer,0,99,60,60,20,1,1,,1,0,0,0,1,0,0,0
Northwestern Great Plains Mixedgrass Prairie,Bluebunch Wheatgrass-Big Bluestem-Little Bluestem-2,Grassland,0,99,0,0,,,,,,,,,,,,
Northwestern Great Plains Shrubland,Snowberry-Skunkbrush-2,Shrubland,0,99,60,0,,0,,1,0,0,0,1,0,0,0,1
Northwestern Great Plains-Black Hills Ponderosa Pine Woodland and Savanna,Ponderosa Pine-Sand Bluestem-1,Conifer,0,99,25,25,20,1,1,,1,0,0,0,1,0,0,0
Northwestern Great Plains-Black Hills Ponderosa Pine Woodland and Savanna - Low Elevation Woodland,Ponderosa Pine-Bur Oak-1,Conifer,0,99,25,25,20,0.5,1,1,1,0,0,1,0.5,0,0,0.5
Northwestern Great Plains-Black Hills Ponderosa Pine Woodland and Savanna - Savanna,Ponderosa Pine-Fragrant Sumac-1,Conifer,0,99,25,25,20,1,1,,1,0,0,0,1,0,0,0
Open Water,Open Water,Open Water,,,,,,,,,,,,,,,,
Ouachita Montane Oak Forest,Post Oak-Blackjack Oak-Farkleberry-1,Hardwood,0,100,95,95,25,0.1,0,1,0,0.111111111,0,1,0,0.1,0,0.9
Ozark-Ouachita Dry Oak Woodland,Post Oak-Blackjack Oak-Farkleberry-1,Hardwood,0,99,60,60,25,0.1,0,1,0,0.111111111,0,1,0,0.1,0,0.9
Ozark-Ouachita Dry-Mesic Oak Forest,White Oak-Red Oak-Sugar Maple-1,Hardwood,0,100,95,95,30,0,,1,0,0,0,1,0,0,0,1
Ozark-Ouachita Mesic Hardwood Forest,White Oak-Sugar Maple-Cucumber Tree-1,Hardwood,0,100,95,95,30,0,,1,0,0,0,1,0,0,0,1
Ozark-Ouachita Shortleaf Pine-Bluestem Woodland,Shortleaf Pine-Post Oak-Big Bluestem-1,Hardwood-Conifer,0,99,60,60,25,0.5,1,1,1,0,0,1,0.5,0,0,0.5
Ozark-Ouachita Shortleaf Pine-Oak Forest and Woodland,Shortleaf Pine-White Oak-Post Oak-1,Conifer,0,100,85,85,25,0.5,1,1,1,0,0,1,0.5,0,0,0.5
Pacific Coastal Marsh Systems,Cattail-Spikebrush-2,Riparian,1,99,0,0,,,,,,,,,,,,
Paleozoic Plateau Bluff and Talus,Eastern Redcedar-White Oak-Sideoats Grama-2,Hardwood-Conifer,0,99,95,95,25,0.5,1,1,1,0,0,1,0.5,0,0,0.5
Pennyroyal Karst Plain Prairie and Barrens,Little Bluestem-Indiangrass-Southern Red Oak-2,Grassland,0,99,25,10,,0,,1,0,0,0,1,0,0,0,1
PerennialIce/Snow,PerennialIce/Snow,PerennialIce/Snow,0,0,0,0,,,,,,,,,,,,
Piedmont Hardpan Woodland and Forest,Post Oak-White Ash-Little Bluestem Hardpan-1,Hardwood,0,100,85,85,20,0,,1,0,0,0,1,0,0,0,1
Rocky Mountain Alpine Dwarf-Shrubland,Heather Moss-Arctic Willow-5,Shrubland,0,99,60,0,1,,,,,,,,,,,
Rocky Mountain Alpine Fell-Field,Dwarf Clover-Dwarf Phlox-5,Grassland,0,99,0,0,,,,,,,,,,,,
Rocky Mountain Alpine Turf,Spike Sedge-Cushion Phlox-5,Grassland,0,99,0,0,,,,,,,,,,,,
Rocky Mountain Alpine/Montane Sparsely Vegetated Systems,Sparsely Vegetated,Sparse,0,1,0,0,,,,,,,,,,,,
Rocky Mountain Aspen Forest and Woodland,Quaking Aspen-4,Hardwood,0,100,85,85,25,0,,1,0,0,0,1,0,0,0,1
Rocky Mountain Bigtooth Maple Ravine Woodland,Rocky Mountain Maple-Gambel Oak-3,Hardwood,0,99,60,60,20,0,,1,0,0,0,1,0,0,0,1
Rocky Mountain Foothill Limber Pine-Juniper Woodland,Limber Pine-Rocky Mountain Juniper-3,Conifer,0,99,60,60,15,1,1,,1,0,0,0,1,0,0,0
Rocky Mountain Gambel Oak-Mixed Montane Shrubland,Gambel Oak-Serviceberry-3,Shrubland,0,99,60,0,3,0,,1,0,0,0,1,0,0,0,1
Rocky Mountain Gambel Oak-Mixed Montane Shrubland  - Continuous,Gambel Oak-Serviceberry-3,Shrubland,0,99,60,0,3,0,,1,0,0,0,1,0,0,0,1
Rocky Mountain Gambel Oak-Mixed Montane Shrubland - Patchy,Gambel Oak-Serviceberry-3,Shrubland,0,99,25,0,3,0,,1,0,0,0,1,0,0,0,1
Rocky Mountain Lodgepole Pine Forest,Lodgepole Pine-4,Conifer,0,100,95,95,20,1,1,,1,0,0,0,1,0,0,0
Rocky Mountain Lower Montane-Foothill Shrubland,Alderleaf Mountain Mahogany-Wavyleaf Oak-Sideoats Grama-4,Shrubland,0,99,60,0,3,0,,1,0,0,0,1,0,0,0,1
Rocky Mountain Lower Montane-Foothill Shrubland,Serviceberry-Mountain Snowberry-Rockspirea-1,Shrubland,0,99,60,0,3,0,,1,0,0,0,1,0,0,0,1
Rocky Mountain Lower Montane-Foothill Shrubland - No True Mountain Mahogany,Serviceberry-Bitterbrush-4,Shrubland,0,99,60,0,3,0,,1,0,0,0,1,0,0,0,1
Rocky Mountain Lower Montane-Foothill Shrubland - True Mountain Mahogany,Alderleaf Mountain Mahogany-Bluebunch Wheatgrass-4,Shrubland,0,99,60,0,3,0,,1,0,0,0,1,0,0,0,1
Rocky Mountain Montane Riparian Systems,Black Cottonwood-Narrowleaf Willow-3,Riparian,1,99,95,80,30,0,,1,0,0,0,1,0,0,0,1
Rocky Mountain Poor-Site Lodgepole Pine Forest,Lodgepole Pine-Kinnikinnick-4,Conifer,0,100,95,95,20,1,1,,1,0,0,0,1,0,0,0
Rocky Mountain Poor-Site Lodgepole Pine Forest,Lodgepole Pine-Kinnikinnick-5,Conifer,0,100,95,95,20,1,1,,1,0,0,0,1,0,0,0
Rocky Mountain Subalpine Dry-Mesic Spruce-Fir Forest and Woodland,Engelmann Spruce-Subalpine Fir-3,Conifer,0,100,85,85,20,1,1,,1,0,0,0,1,0,0,0
Rocky Mountain Subalpine Dry-Mesic Spruce-Fir Forest and Woodland,Engelmann Spruce-Subalpine Fir-4,Conifer,0,100,85,85,20,1,1,,1,0,0,0,1,0,0,0
Rocky Mountain Subalpine Dry-Mesic Spruce-Fir Forest and Woodland,Engelmann Spruce-Subalpine Fir-5,Conifer,0,100,85,85,20,1,1,,1,0,0,0,1,0,0,0
Rocky Mountain Subalpine Mesic-Wet Spruce-Fir Forest and Woodland,Engelmann Spruce-Subalpine Fir-Menziesia-3,Conifer,0.1,100,95,95,20,1,1,,1,0,0,0,1,0,0,0
Rocky Mountain Subalpine Mesic-Wet Spruce-Fir Forest and Woodland,Engelmann Spruce-Subalpine Fir-Menziesia-4,Conifer,0.1,100,95,95,20,1,1,,1,0,0,0,1,0,0,0
Rocky Mountain Subalpine Mesic-Wet Spruce-Fir Forest and Woodland,Engelmann Spruce-Subalpine Fir-Menziesia-5,Conifer,0.1,100,95,95,20,1,1,,1,0,0,0,1,0,0,0
Rocky Mountain Subalpine/Upper Montane Riparian Systems,Black Cottonwood-Narrowleaf Willow-3,Riparian,1,99,95,80,25,0,,1,0,0,0,1,0,0,0,1
Rocky Mountain Subalpine-Montane Limber-Bristlecone Pine Woodland,Bristlecone Pine-3,Conifer,0,99,60,60,15,1,1,,1,0,0,0,1,0,0,0
Rocky Mountain Subalpine-Montane Mesic Meadow,Fleabane-Lupine-4,Grassland,0,99,0,0,,,,,,,,,,,,
Sierra Nevada Alpine Dwarf-Shrubland,Heather Moss-Arctic Willow-5,Shrubland,0,99,60,0,1,,,,,,,,,,,
Sierra Nevada Subalpine Lodgepole Pine Forest and Woodland,Lodgepole Pine-3,Conifer,0,100,85,85,30,1,1,,1,0,0,0,1,0,0,0
Sierra Nevada Subalpine Lodgepole Pine Forest and Woodland - Dry,Lodgepole Pine-Foxtail Pine-1,Conifer,0,100,85,85,30,1,1,,1,0,0,0,1,0,0,0
Sierra Nevada Subalpine Lodgepole Pine Forest and Woodland - Wet,Lodgepole Pine-Pinemat Manzanita-3,Conifer,0.1,100,85,85,30,1,0.5,,1,1,0,0,0.5,0.5,0,0
Sierran-Intermontane Desert Western White Pine-White Fir Woodland,Western White Pine-White Fir-1,Conifer,0,99,60,60,20,1,1,,1,0,0,0,1,0,0,0
Sonora-Mojave Creosotebush-White Bursage Desert Scrub,Creosote-Bursage-5,Shrubland,0,25,25,0,,,,,,,,,,,,
Sonora-Mojave Mixed Salt Desert Scrub,Shadscale-Winterfat-5,Shrubland,0,25,25,0,1,,,,,,,,,,,
Sonora-Mojave Semi-Desert Chaparral,Pointleaf Manzanita-Desert Ceanothus-Birchleaf Mountain Mahogany-4,Shrubland,0,60,60,0,3,,,,,,,,,,,
Sonoran Granite Outcrop Desert Scrub,Jatropha-Elephant Tree-5,Shrubland,0,25,25,0,,,,,,,,,,,,
Sonoran Mid-Elevation Desert Scrub,Ocotillo-Buckwheat-5,Shrubland,0,25,25,0,,,,,,,,,,,,
Sonoran Paloverde-Mixed Cacti Desert Scrub,Saguaro-Palo Verde-5,Shrubland,0,25,25,0,,0.5,,0,0,1,1,0,0,0.5,0.5,0
South Florida Cypress Dome,Pond Cypress-1,Riparian,1,99,95,25,25,0,,1,0,0,0,1,0,0,0,1
South Florida Dwarf Cypress Savanna,Pond Cypress-1,Savanna,0,99,25,25,15,0,,1,0,0,0,1,0,0,0,1
South Florida Everglades Sawgrass Marsh,Sawgrass-2,Riparian,1,100,0,0,,,,,,,,,,,,
South Florida Hardwood Hammock,Gumbo-limbo-Poisonwood-5,Hardwood,0,99,95,95,25,0.5,0,1,0,1,0,1,0,0.5,0,0.5
South Florida Pine Flatwoods,Florida Slash Pine-Saw Palmetto-1,Conifer,0.5,99,80,60,25,1,0.5,,1,1,0,0,0.5,0.5,0,0
South Florida Pine Rockland,Florida Slash Pine-Wild Guava-False Tamarind-1,Conifer,0,99,80,60,25,1,0.5,,1,1,0,0,0.5,0.5,0,0
South Texas Lomas,Texas Ebony-Berlandiers Fiddlewood-5,Shrubland,0,25,25,0,,,,,,,,,,,,
South Texas Sand Sheet Grassland,Shore Little Bluestem-Live Oak-2,Grassland,0,99,10,10,,1,0,,0,1,0,0,0,1,0,0
South-Central Interior Large Floodplain,American Sycamore-River Birch-Sugarberry-3,Riparian,1,99,95,85,30,0,,1,0,0,0,1,0,0,0,1
South-Central Interior Mesophytic Forest,Sugar Maple-Beech-Basswood-3,Hardwood,0,100,95,95,30,0,,1,0,0,0,1,0,0,0,1
South-Central Interior/Upper Coastal Plain Flatwoods,Post Oak-Blackjack Oak-Persimmon-1,Hardwood,0.5,99,95,95,25,0,,1,0,0,0,1,0,0,0,1
South-Central Interior/Upper Coastal Plain Flatwoods,White Oak-Post Oak-Sweetgum-1,Hardwood,0.5,99,95,95,25,0,,1,0,0,0,1,0,0,0,1
South-Central Interior/Upper Coastal Plain Wet Flatwoods,Pin Oak-Cherrybark Oak-Elm-1,Hardwood,1,99,95,95,30,0,,1,0,0,0,1,0,0,0,1
South-Central Interior/Upper Coastal Plain Wet Flatwoods,Post Oak-Cherrybark Oak-Woodoats-1,Hardwood,1,99,95,95,30,0,,1,0,0,0,1,0,0,0,1
Southeast Florida Coastal Strand and Maritime Hammock,Live Oak-Palmetto-Sea Grape-1,Hardwood,0,99,95,60,20,1,0,,0,1,0,0,0,1,0,0
Southeastern Great Plains Tallgrass Prairie,Big Bluestem-Little Bluestem-Indiangrass-2,Grassland,0,99,0,0,,,,,,,,,,,,
Southeastern Interior Longleaf Pine Woodland,Longleaf Pine-Southern Red Oak-Little Bluestem-1,Conifer,0,99,60,60,30,0.5,0.9,1,0.9,0.1,0,1,0.45,0.05,0,0.5
Southern and Central Appalachian Cove Forest,Beech-Basswood-Yellow Buckeye-3,Hardwood,0,100,95,95,40,0.1,1,1,0.111111111,0,0,1,0.1,0,0,0.9
Southern Appalachian Grass and Shrub Bald,Catawba Rosebay-Flattened Oatgrass-3,Grassland,0,99,60,0,3,1,0,,0,1,0,0,0,1,0,0
Southern Appalachian Low-Elevation Pine Forest,Virginia Pine-Shortleaf Pine-1,Conifer,0,100,95,95,25,1,1,,1,0,0,0,1,0,0,0
Southern Appalachian Montane Pine Forest and Woodland,Table Mountain Pine-Pitch Pine-1,Conifer,0,100,85,85,20,1,1,,1,0,0,0,1,0,0,0
Southern Appalachian Northern Hardwood Forest,Sugar Maple-Beech-Yellow Buckeye-5,Hardwood,0,100,95,95,40,0.3,1,1,0.428571429,0,0,1,0.3,0,0,0.7
Southern Appalachian Oak Forest,Chestnut Oak-White Oak-Chestnut-1,Hardwood,0,100,95,95,25,0.1,1,1,0.111111111,0,0,1,0.1,0,0,0.9
Southern Atlantic Coastal Plain Dune and Maritime Grassland,Sea Oats-Saltmeadow Cordgrass-Shore Little Bluestem-2,Grassland,0.5,99,0,0,,,,,,,,,,,,
Southern Atlantic Coastal Plain Maritime Forest,Longleaf Pine-Honduras Pine-Sand Live Oak-1,Hardwood-Conifer,0,100,60,25,25,1,0.5,,1,1,0,0,0.5,0.5,0,0
Southern Atlantic Coastal Plain Wet Pine Savanna and Flatwoods,Longleaf Pine-Slash Pine-Saw Palmetto-1,Riparian,1,99,80,60,30,1,0.5,,1,1,0,0,0.5,0.5,0,0
Southern Blackland Tallgrass Prairie,Little Bluestem-Indiangrass--2,Grassland,0,99,0,0,,,,,,,,,,,,
Southern California Coastal Scrub,Coastal Sage-Black Sage-4,Shrubland,0,99,60,0,,,,,,,,,,,,
Southern California Dry-Mesic Chaparral,Chamise-Manzanita-4,Shrubland,0,99,60,0,,1,0,,0,1,0,0,0,1,0,0
Southern California Oak Woodland and Savanna,Coast Live Oak-California Walnut-1,Hardwood,0,99,25,25,25,0.5,0,1,0,1,0,1,0,0.5,0,0.5
Southern Coastal Plain Blackland Prairie and Woodland,Post Oak-Eastern Redcedar-Little Bluestem-1,Grassland,0,99,10,10,,0.5,1,1,1,0,0,1,0.5,0,0,0.5
Southern Coastal Plain Dry Upland Hardwood Forest,Post Oak-Chinquapin Oak-Shortleaf Pine-1,Hardwood,0,100,85,85,25,0.5,1,1,1,0,0,1,0.5,0,0,0.5
Southern Coastal Plain Mesic Slope Forest,Beech-Cherrybark Oak-Tulip Tree-3,Hardwood,0,100,95,95,30,0.5,1,1,1,0,0,1,0.5,0,0,0.5
Southern Coastal Plain Nonriverine Cypress Dome,Pond Cypress-1,Riparian,1,99,95,25,25,0,,1,0,0,0,1,0,0,0,1
Southern Coastal Plain Seepage Swamp and Baygall,Sweetbay-Swamp Tupelo-Swamp Bay-3,Riparian,1,99,95,95,20,0.5,0,1,0,1,0,1,0,0.5,0,0.5
Southern Colorado Plateau Sand Shrubland,Mormon Tea-Fringed Sage-3,Shrubland,0,25,25,0,,,,,,,,,,,,
Southern Crowley`s Ridge Mesic Loess Slope Forest,Beech-Tuliptree-3,Hardwood,0,100,95,95,30,0,,1,0,0,0,1,0,0,0,1
Southern Interior Low Plateau Dry-Mesic Oak Forest,White Oak-Black Oak-Chestnut Oak-2,Hardwood,0,100,95,95,25,0,,1,0,0,0,1,0,0,0,1
Southern Piedmont Dry Oak(-Pine) Forest,White Oak-Southern Red Oak-Shortleaf Pine-1,Hardwood-Conifer,0,100,85,85,25,0.5,1,1,1,0,0,1,0.5,0,0,0.5
Southern Piedmont Mesic Forest,Beech-3,Hardwood,0,100,95,95,30,0,,1,0,0,0,1,0,0,0,1
Southern Ridge and Valley/Cumberland Dry Calcareous Forest,Post Oak-White Oak-Eastern Redcedar-1,Hardwood,0,100,85,85,25,0,,1,0,0,0,1,0,0,0,1
Southern Rocky Mountain Dry-Mesic Montane Mixed Conifer Forest and Woodland,Douglas Fir-White Fir-1,Conifer,0,100,85,85,20,1,1,,1,0,0,0,1,0,0,0
Southern Rocky Mountain Juniper Woodland and Savanna,Oneseed Juniper-Pinchots Juniper-3,Conifer,0,99,25,25,15,1,1,,1,0,0,0,1,0,0,0
Southern Rocky Mountain Juniper Woodland and Savanna,Two Needle Pinyon-Rocky Mountain Juniper-1,Conifer,0,99,25,25,15,1,1,,1,0,0,0,1,0,0,0
Southern Rocky Mountain Mesic Montane Mixed Conifer Forest and Woodland,Douglas Fir-White Fir-3,Conifer,0,100,95,95,25,1,1,,1,0,0,0,1,0,0,0
Southern Rocky Mountain Mesic Montane Mixed Conifer Forest and Woodland,White Fir-Limber Pine-3,Conifer,0,100,95,95,25,1,1,,1,0,0,0,1,0,0,0
Southern Rocky Mountain Montane-Subalpine Grassland,Arizona Fescue-Mountain Muhly-1,Grassland,0,99,0,0,,,,,,,,,,,,
Southern Rocky Mountain Pinyon-Juniper Woodland,Two Needle Pinyon-Rocky Mountain Juniper-3,Conifer,0,99,60,60,15,1,1,,1,0,0,0,1,0,0,0
Southern Rocky Mountain Ponderosa Pine Savanna,Ponderosa Pine-1,Conifer,0,99,25,25,,1,1,,1,0,0,0,1,0,0,0
Southern Rocky Mountain Ponderosa Pine Savanna,Ponderosa Pine-3,Conifer,0,99,25,25,,1,1,,1,0,0,0,1,0,0,0
Southern Rocky Mountain Ponderosa Pine Savanna - North,Ponderosa Pine-1,Conifer,0,99,25,25,,1,1,,1,0,0,0,1,0,0,0
Southern Rocky Mountain Ponderosa Pine Savanna - South,Ponderosa Pine-Sand Bluestem-1,Conifer,0,99,25,25,,1,1,,1,0,0,0,1,0,0,0
Southern Rocky Mountain Ponderosa Pine Woodland,Ponderosa Pine-1,Conifer,0,99,60,60,20,1,1,,1,0,0,0,1,0,0,0
Southern Rocky Mountain Ponderosa Pine Woodland,Ponderosa Pine-3,Conifer,0,99,60,60,20,1,1,,1,0,0,0,1,0,0,0
Southern Rocky Mountain Ponderosa Pine Woodland - North,Ponderosa Pine-3,Conifer,0,99,60,60,20,1,1,,1,0,0,0,1,0,0,0
Southern Rocky Mountain Ponderosa Pine Woodland - South,Ponderosa Pine-1,Conifer,0,99,60,60,20,1,1,,1,0,0,0,1,0,0,0
Southwest Florida Coastal Strand and Maritime Hammock,Live Oak-Palmetto-Sea Grape-1,Hardwood,0,99,95,60,20,1,0,,0,1,0,0,0,1,0,0
Tamaulipan Calcareous Thornscrub,Texas Barometer Bush-Guajillo-5,Shrubland,0,60,60,0,5,,,,,,,,,,,
Tamaulipan Clay Grassland,Little Bluestem-Multiflower False Rhodes Grass-2,Grassland,0,99,0,0,,,,,,,,,,,,
Tamaulipan Floodplain,Sugarberry-Lollipop Mimosa-1,Riparian,1,99,95,25,25,0,,1,0,0,0,1,0,0,0,1
Tamaulipan Mixed Deciduous Thornscrub,Mesquite-Lime Pricklyash-2,Shrubland,0,60,60,0,5,0.5,0,0,0,1,1,0,0,0.5,0.5,0
Tamaulipan Riparian Systems,Mexican Ash-Texas Ebony-1,Riparian,1,99,95,60,20,0.5,0,1,0,1,0,1,0,0.5,0,0.5
Tamaulipan Savanna Grassland,Little Bluestem-Multiflower False Rhodes Grass-Mesquite-2,Grassland,0,99,10,0,3,0,,1,0,0,0,1,0,0,0,1
Texas-Louisiana Coastal Prairie,Big Bluestem-Indiangrass-Brownseed Paspalum-2,Grassland,0,99,0,0,,,,,,,,,,,,
Texas-Louisiana Saline Coastal Prairie,Little Bluestem-Gulf Cordgrass-2,Grassland,1,99,0,0,,,,,,,,,,,,
West Gulf Coastal Plain Chenier and Upper Texas Coastal Fringe Forest and Woodland,Live Oak-Sugarberry-Hercules Club-1,Hardwood,0,100,85,85,25,0.5,0,1,0,1,0,1,0,0.5,0,0.5
West Gulf Coastal Plain Mesic Hardwood Forest,Beech-White Oak-Red Oak-1,Hardwood,0,100,95,95,30,0,,1,0,0,0,1,0,0,0,1
West Gulf Coastal Plain Nonriverine Wet Hardwood Flatwoods,Willow Oak-Overcup Oak-3,Hardwood,1,99,95,95,30,0,,1,0,0,0,1,0,0,0,1
West Gulf Coastal Plain Northern Calcareous Prairie,Little Bluestem-Indiangrass-Post Oak-1,Grassland,0,99,0,0,,,,,,,,,,,,
West Gulf Coastal Plain Pine-Hardwood Flatwoods,Loblolly Pine-Southern Red Oak-1,Hardwood-Conifer,0.5,99,95,95,30,0.5,1,1,1,0,0,1,0.5,0,0,0.5
West Gulf Coastal Plain Pine-Hardwood Forest,Shortleaf Pine-Loblolly Pine-White Oak-1,Hardwood-Conifer,0,100,95,95,30,0.5,1,1,1,0,0,1,0.5,0,0,0.5
West Gulf Coastal Plain Sandhill Oak and Shortleaf Pine Forest and Woodland,Runner Oak-Shortleaf Pine-Little Bluestem-1,Hardwood-Conifer,0,100,85,85,25,0.5,1,1,1,0,0,1,0.5,0,0,0.5
West Gulf Coastal Plain Southern Calcareous Prairie,Little Bluestem-Indiangrass-Eastern Redcedar-2,Grassland,0,99,0,0,,,,,,,,,,,,
West Gulf Coastal Plain Upland Longleaf Pine Forest and Woodland,Longleaf Pine-Broomsedge Bluestem-Little Bluestem-1,Conifer,0,100,60,60,30,1,0.9,,1,0.111111111,0,0,0.9,0.1,0,0
West Gulf Coastal Plain Wet Longleaf Pine Savanna and Flatwoods,Longleaf Pine-Slash Pine-Saw Palmetto-1,Riparian,1,99,80,60,30,1,0.5,,1,1,0,0,0.5,0.5,0,0
Western Great Plains Depressional Wetland Systems,Tobosagrass-Buffalograss-Whiteray Leastdaisy-2,Riparian,1,99,0,0,,,,,,,,,,,,
Western Great Plains Depressional Wetland Systems,Western Wheatgrass-Needle Spikebrush-2,Riparian,1,99,0,0,,,,,,,,,,,,
Western Great Plains Depressional Wetland Systems - Playa,Buffalo Grass-Blue Grama-2,Riparian,1,99,0,0,,,,,,,,,,,,
Western Great Plains Depressional Wetland Systems - Saline,Alkali Sacaton-Saltgrass-2,Riparian,1,60,0,0,1,,,,,,,,,,,
Western Great Plains Dry Bur Oak Forest and Woodland,Bur Oak-Chokecherry-1,Hardwood,0,100,85,85,25,0,,1,0,0,0,1,0,0,0,1
Western Great Plains Floodplain Systems,American Sycamore-Cedar Elm-Texas Ash-1,Riparian,1,99,95,80,25,0,,1,0,0,0,1,0,0,0,1
Western Great Plains Floodplain Systems,Eastern Cottonwood-Sandbar Willow-Green Ash-3,Riparian,1,99,95,80,25,0,,1,0,0,0,1,0,0,0,1
Western Great Plains Foothill and Piedmont Grassland,Big Bluestem-Little Bluestem-Mountain Muhly-2,Grassland,0,99,0,0,,,,,,,,,,,,
Western Great Plains Mesquite Woodland and Shrubland,Mesquite-Little Bluestem-Sideoats Grama-1,Shrubland,0,99,60,25,,0,,1,0,0,0,1,0,0,0,1
Western Great Plains Sand Prairie,Sand Bluestem-Prairie Sandreed-2,Grassland,0,99,0,0,,,,,,,,,,,,
Western Great Plains Sandhill Steppe,Sand Sagebrush-Shinnery-4,Shrubland,0,60,10,0,,,,,,,,,,,,
Western Great Plains Shortgrass Prairie,Blue Grama-Buffalo Grass-2,Grassland,0,99,0,0,,,,,,,,,,,,
Western Great Plains Sparsely Vegetated Systems,Sparsely Vegetated,Sparse,0,1,0,0,,,,,,,,,,,,
Western Great Plains Tallgrass Prairie,Bluebunch Wheatgrass-Big Bluestem-Little Bluestem-2,Grassland,0,99,0,0,,,,,,,,,,,,
Western Great Plains Wooded Draw and Ravine,Snowberry-Skunkbrush-2,Shrubland,0,99,60,10,,0,,1,0,0,0,1,0,0,0,1
Western Highland Rim Prairie and Barrens,White Oak-Post Oak- Big Bluestem-1,Grassland,0,99,25,10,,0,,1,0,0,0,1,0,0,0,1
Willamette Valley Upland Prairie and Savanna,Oregon White Oak-RoemersFescue-Oatgrass-1,Hardwood,0,99,10,10,25,0,,1,0,0,0,1,0,0,0,1
Wyoming Basins Dwarf Sagebrush Shrubland and Steppe,Wyoming Threetip Sage-Low Sage-5,Shrubland,0,60,10,0,,,,,,,,,,,,
